year,Yarış,Puan,Galibiyet,Podyum,Ortalama_Pozisyon
2004,18,262.0,15,29,2.6176470588235294
2002,17,221.0,15,27,1.793103448275862
2018,21,571.0,6,24,3.189189189189189
2001,17,179.0,9,24,2.689655172413793
2007,17,204.0,9,22,3.1333333333333333
2024,24,595.0,5,22,4.355555555555555
2000,17,170.0,10,21,2.230769230769231
2022,22,519.0,4,20,3.4
2017,20,522.0,5,20,3.4857142857142858
2019,21,504.0,3,19,4.657894736842105
