year,Yarış,Puan,Galibiyet,Podyum,Ortalama_Pozisyon
2002,17,221.0,15,27,1.793103448275862
1989,16,59.0,3,9,1.8888888888888888
2000,17,170.0,10,21,2.230769230769231
2004,18,262.0,15,29,2.6176470588235294
2001,17,179.0,9,24,2.689655172413793
1966,7,42.0,2,6,2.875
2007,17,204.0,9,22,3.1333333333333333
2018,21,571.0,6,24,3.189189189189189
1998,16,133.0,6,19,3.1923076923076925
2022,22,519.0,4,20,3.4
