year,Yarış,Puan,Galibiyet,Podyum,Ortalama_Pozisyon
2024,24,595.0,5,22,4.355555555555555
2018,21,571.0,6,24,3.189189189189189
2017,20,522.0,5,20,3.4857142857142858
2022,22,519.0,4,20,3.4
2019,21,504.0,3,19,4.657894736842105
2015,19,428.0,3,16,3.96875
2012,20,400.0,3,15,5.702702702702703
2016,21,398.0,0,11,4.382352941176471
2010,19,396.0,5,15,5.833333333333333
2011,19,375.0,1,10,4.823529411764706
